{
    "info": {
        "name": "API Gerenciamento de Pedidos",
        "description": "Coleção de requisições para testar a API de pedidos",
        "schema": "https://schema.getpostman.com/json/collection/v2.1.0/collection.json"
    },
    "item": [
        {
            "name": "1. Criar Pedido",
            "request": {
                "method": "POST",
                "header": [
                    {
                        "key": "Content-Type",
                        "value": "application/json"
                    }
                ],
                "body": {
                    "mode": "raw",
                    "raw": "{\n  \"numeroPedido\": \"100B0115vdb-01\",\n  \"dataCriacao\": \"2023-07-19T12:24:11.529960+00:00\",\n  \"valorTotal\": 10000,\n  \"itens\": [\n    {\n      \"idItem\": \"2434\",\n      \"quantidadeItem\": 1,\n      \"valorItem\": 1000\n    }\n  ]\n}"
                },
                "url": {
                    "raw": "http://localhost:3000/order",
                    "protocol": "http",
                    "host": [
                        "localhost"
                    ],
                    "port": "3000",
                    "path": [
                        "order"
                    ]
                },
                "description": "Cria um novo pedido no sistema"
            }
        },
        {
            "name": "2. Buscar Pedido",
            "request": {
                "method": "GET",
                "header": [],
                "url": {
                    "raw": "http://localhost:3000/order/100B0115vdb-01",
                    "protocol": "http",
                    "host": [
                        "localhost"
                    ],
                    "port": "3000",
                    "path": [
                        "order",
                        "100B0115vdb-01"
                    ]
                },
                "description": "Busca um pedido específico pelo número"
            }
        },
        {
            "name": "3. Listar Todos os Pedidos",
            "request": {
                "method": "GET",
                "header": [],
                "url": {
                    "raw": "http://localhost:3000/order/list",
                    "protocol": "http",
                    "host": [
                        "localhost"
                    ],
                    "port": "3000",
                    "path": [
                        "order",
                        "list"
                    ]
                },
                "description": "Lista todos os pedidos cadastrados"
            }
        },
        {
            "name": "4. Atualizar Pedido",
            "request": {
                "method": "PUT",
                "header": [
                    {
                        "key": "Content-Type",
                        "value": "application/json"
                    }
                ],
                "body": {
                    "mode": "raw",
                    "raw": "{\n  \"valorTotal\": 15000,\n  \"itens\": [\n    {\n      \"idItem\": \"2434\",\n      \"quantidadeItem\": 2,\n      \"valorItem\": 1000\n    }\n  ]\n}"
                },
                "url": {
                    "raw": "http://localhost:3000/order/100B0115vdb-01",
                    "protocol": "http",
                    "host": [
                        "localhost"
                    ],
                    "port": "3000",
                    "path": [
                        "order",
                        "100B0115vdb-01"
                    ]
                },
                "description": "Atualiza os dados de um pedido existente"
            }
        },
        {
            "name": "5. Deletar Pedido",
            "request": {
                "method": "DELETE",
                "header": [],
                "url": {
                    "raw": "http://localhost:3000/order/100B0115vdb-01",
                    "protocol": "http",
                    "host": [
                        "localhost"
                    ],
                    "port": "3000",
                    "path": [
                        "order",
                        "100B0115vdb-01"
                    ]
                },
                "description": "Deleta um pedido do sistema"
            }
        }
    ]
}